folder,url_1,url_2,url_3,url_4
1200,https://raw.githubusercontent.com/seysony91-ship-it/product-images/main/images/1200/%E3%84%B7%E3%85%8D31.jpg,https://raw.githubusercontent.com/seysony91-ship-it/product-images/main/images/1200/%EB%A9%94%EC%9D%B8%20%EC%9D%B4%EB%AF%B8%EC%A7%80_01.jpg,https://raw.githubusercontent.com/seysony91-ship-it/product-images/main/images/1200/%EB%A9%94%EC%9D%B8%20%EC%9D%B4%EB%AF%B8%EC%A7%80_03.jpg,https://raw.githubusercontent.com/seysony91-ship-it/product-images/main/images/1200/%EB%A9%94%EC%9D%B8%20%EC%9D%B4%EB%AF%B8%EC%A7%80_04.jpg
1201,https://raw.githubusercontent.com/seysony91-ship-it/product-images/main/images/1201/%E3%84%B7%E3%85%8D32.jpg,https://raw.githubusercontent.com/seysony91-ship-it/product-images/main/images/1201/%EB%A9%94%EC%9D%B8%20%EC%9D%B4%EB%AF%B8%EC%A7%80_01.jpg,https://raw.githubusercontent.com/seysony91-ship-it/product-images/main/images/1201/%EB%A9%94%EC%9D%B8%20%EC%9D%B4%EB%AF%B8%EC%A7%80_02.jpg,https://raw.githubusercontent.com/seysony91-ship-it/product-images/main/images/1201/%EB%A9%94%EC%9D%B8%20%EC%9D%B4%EB%AF%B8%EC%A7%80_03.jpg
1202,https://raw.githubusercontent.com/seysony91-ship-it/product-images/main/images/1202/%E3%84%B7%E3%85%8D33.jpg,https://raw.githubusercontent.com/seysony91-ship-it/product-images/main/images/1202/%EB%A9%94%EC%9D%B8%20%EC%9D%B4%EB%AF%B8%EC%A7%80_02.jpg,https://raw.githubusercontent.com/seysony91-ship-it/product-images/main/images/1202/%EB%A9%94%EC%9D%B8%20%EC%9D%B4%EB%AF%B8%EC%A7%80_03.jpg,https://raw.githubusercontent.com/seysony91-ship-it/product-images/main/images/1202/%EB%A9%94%EC%9D%B8%20%EC%9D%B4%EB%AF%B8%EC%A7%80_04.jpg
1203,https://raw.githubusercontent.com/seysony91-ship-it/product-images/main/images/1203/%E3%84%B7%E3%85%8D34.jpg,https://raw.githubusercontent.com/seysony91-ship-it/product-images/main/images/1203/%EB%A9%94%EC%9D%B8%20%EC%9D%B4%EB%AF%B8%EC%A7%80_04.jpg,https://raw.githubusercontent.com/seysony91-ship-it/product-images/main/images/1203/%EB%A9%94%EC%9D%B8%20%EC%9D%B4%EB%AF%B8%EC%A7%80_05.jpg,https://raw.githubusercontent.com/seysony91-ship-it/product-images/main/images/1203/%EB%A9%94%EC%9D%B8%20%EC%9D%B4%EB%AF%B8%EC%A7%80_06.jpg
1204,https://raw.githubusercontent.com/seysony91-ship-it/product-images/main/images/1204/%E3%84%B7%E3%85%8D35.png,https://raw.githubusercontent.com/seysony91-ship-it/product-images/main/images/1204/%EB%A9%94%EC%9D%B8%20%EC%9D%B4%EB%AF%B8%EC%A7%80_04.jpg,https://raw.githubusercontent.com/seysony91-ship-it/product-images/main/images/1204/%EB%A9%94%EC%9D%B8%20%EC%9D%B4%EB%AF%B8%EC%A7%80_05.jpg,https://raw.githubusercontent.com/seysony91-ship-it/product-images/main/images/1204/%EB%A9%94%EC%9D%B8%20%EC%9D%B4%EB%AF%B8%EC%A7%80_06.jpg
1205,https://raw.githubusercontent.com/seysony91-ship-it/product-images/main/images/1205/%E3%84%B7%E3%85%8D36.jpg,https://raw.githubusercontent.com/seysony91-ship-it/product-images/main/images/1205/%EB%A9%94%EC%9D%B8%20%EC%9D%B4%EB%AF%B8%EC%A7%80_01.jpg,https://raw.githubusercontent.com/seysony91-ship-it/product-images/main/images/1205/%EB%A9%94%EC%9D%B8%20%EC%9D%B4%EB%AF%B8%EC%A7%80_02.jpg,https://raw.githubusercontent.com/seysony91-ship-it/product-images/main/images/1205/%EB%A9%94%EC%9D%B8%20%EC%9D%B4%EB%AF%B8%EC%A7%80_03.jpg
1206,https://raw.githubusercontent.com/seysony91-ship-it/product-images/main/images/1206/%E3%84%B7%E3%85%8D37.jpg,https://raw.githubusercontent.com/seysony91-ship-it/product-images/main/images/1206/%EC%83%81%EC%84%B8%EC%84%A4%EB%AA%85%20%EC%9D%B4%EB%AF%B8%EC%A7%80_01.jpg,https://raw.githubusercontent.com/seysony91-ship-it/product-images/main/images/1206/%EC%83%81%EC%84%B8%EC%84%A4%EB%AA%85%20%EC%9D%B4%EB%AF%B8%EC%A7%80_02.jpg,https://raw.githubusercontent.com/seysony91-ship-it/product-images/main/images/1206/%EC%83%81%EC%84%B8%EC%84%A4%EB%AA%85%20%EC%9D%B4%EB%AF%B8%EC%A7%80_03.jpg
1207,https://raw.githubusercontent.com/seysony91-ship-it/product-images/main/images/1207/%E3%84%B7%E3%85%8D38.jpg,https://raw.githubusercontent.com/seysony91-ship-it/product-images/main/images/1207/%EB%A9%94%EC%9D%B8%20%EC%9D%B4%EB%AF%B8%EC%A7%80_01.jpg,https://raw.githubusercontent.com/seysony91-ship-it/product-images/main/images/1207/%EB%A9%94%EC%9D%B8%20%EC%9D%B4%EB%AF%B8%EC%A7%80_02.jpg,https://raw.githubusercontent.com/seysony91-ship-it/product-images/main/images/1207/%EB%A9%94%EC%9D%B8%20%EC%9D%B4%EB%AF%B8%EC%A7%80_07.jpg
1208,https://raw.githubusercontent.com/seysony91-ship-it/product-images/main/images/1208/%E3%84%B7%E3%85%8D39.png,https://raw.githubusercontent.com/seysony91-ship-it/product-images/main/images/1208/%EB%A9%94%EC%9D%B8%20%EC%9D%B4%EB%AF%B8%EC%A7%80_02.jpg,https://raw.githubusercontent.com/seysony91-ship-it/product-images/main/images/1208/%EB%A9%94%EC%9D%B8%20%EC%9D%B4%EB%AF%B8%EC%A7%80_03.jpg,https://raw.githubusercontent.com/seysony91-ship-it/product-images/main/images/1208/%EB%A9%94%EC%9D%B8%20%EC%9D%B4%EB%AF%B8%EC%A7%80_04.jpg
1209,https://raw.githubusercontent.com/seysony91-ship-it/product-images/main/images/1209/%E3%84%B7%E3%85%8D40.jpg,https://raw.githubusercontent.com/seysony91-ship-it/product-images/main/images/1209/%EB%A9%94%EC%9D%B8%20%EC%9D%B4%EB%AF%B8%EC%A7%80_07.jpg,https://raw.githubusercontent.com/seysony91-ship-it/product-images/main/images/1209/%EB%A9%94%EC%9D%B8%20%EC%9D%B4%EB%AF%B8%EC%A7%80_08.jpg,https://raw.githubusercontent.com/seysony91-ship-it/product-images/main/images/1209/%EB%A9%94%EC%9D%B8%20%EC%9D%B4%EB%AF%B8%EC%A7%80_09.jpg
1210,https://raw.githubusercontent.com/seysony91-ship-it/product-images/main/images/1210/%E3%84%B7%E3%85%8D41.png,https://raw.githubusercontent.com/seysony91-ship-it/product-images/main/images/1210/%EB%A9%94%EC%9D%B8%20%EC%9D%B4%EB%AF%B8%EC%A7%80_01.png,https://raw.githubusercontent.com/seysony91-ship-it/product-images/main/images/1210/%EB%A9%94%EC%9D%B8%20%EC%9D%B4%EB%AF%B8%EC%A7%80_02.png,https://raw.githubusercontent.com/seysony91-ship-it/product-images/main/images/1210/%EB%A9%94%EC%9D%B8%20%EC%9D%B4%EB%AF%B8%EC%A7%80_03.png
1211,https://raw.githubusercontent.com/seysony91-ship-it/product-images/main/images/1211/%E3%84%B7%E3%85%8D42.png,https://raw.githubusercontent.com/seysony91-ship-it/product-images/main/images/1211/%EB%A9%94%EC%9D%B8%20%EC%9D%B4%EB%AF%B8%EC%A7%80_01.jpg,https://raw.githubusercontent.com/seysony91-ship-it/product-images/main/images/1211/%EB%A9%94%EC%9D%B8%20%EC%9D%B4%EB%AF%B8%EC%A7%80_05.jpg,https://raw.githubusercontent.com/seysony91-ship-it/product-images/main/images/1211/%EB%A9%94%EC%9D%B8%20%EC%9D%B4%EB%AF%B8%EC%A7%80_06.jpg
1212,https://raw.githubusercontent.com/seysony91-ship-it/product-images/main/images/1212/%E3%84%B7%E3%85%8D43.jpg,https://raw.githubusercontent.com/seysony91-ship-it/product-images/main/images/1212/%EB%A9%94%EC%9D%B8%20%EC%9D%B4%EB%AF%B8%EC%A7%80_02.jpg,https://raw.githubusercontent.com/seysony91-ship-it/product-images/main/images/1212/%EB%A9%94%EC%9D%B8%20%EC%9D%B4%EB%AF%B8%EC%A7%80_03.jpg,https://raw.githubusercontent.com/seysony91-ship-it/product-images/main/images/1212/%EB%A9%94%EC%9D%B8%20%EC%9D%B4%EB%AF%B8%EC%A7%80_04.jpg
1213,https://raw.githubusercontent.com/seysony91-ship-it/product-images/main/images/1213/%E3%84%B7%E3%85%8D44.png,https://raw.githubusercontent.com/seysony91-ship-it/product-images/main/images/1213/%EB%A9%94%EC%9D%B8%20%EC%9D%B4%EB%AF%B8%EC%A7%80_01.jpg,https://raw.githubusercontent.com/seysony91-ship-it/product-images/main/images/1213/%EB%A9%94%EC%9D%B8%20%EC%9D%B4%EB%AF%B8%EC%A7%80_02.jpg,https://raw.githubusercontent.com/seysony91-ship-it/product-images/main/images/1213/%EB%A9%94%EC%9D%B8%20%EC%9D%B4%EB%AF%B8%EC%A7%80_06.jpg
1214,https://raw.githubusercontent.com/seysony91-ship-it/product-images/main/images/1214/%E3%84%B7%E3%85%8D45.jpg,https://raw.githubusercontent.com/seysony91-ship-it/product-images/main/images/1214/%EB%A9%94%EC%9D%B8%20%EC%9D%B4%EB%AF%B8%EC%A7%80_01.jpg,https://raw.githubusercontent.com/seysony91-ship-it/product-images/main/images/1214/%EB%A9%94%EC%9D%B8%20%EC%9D%B4%EB%AF%B8%EC%A7%80_03.jpg,https://raw.githubusercontent.com/seysony91-ship-it/product-images/main/images/1214/%EB%A9%94%EC%9D%B8%20%EC%9D%B4%EB%AF%B8%EC%A7%80_06.jpg
1215,https://raw.githubusercontent.com/seysony91-ship-it/product-images/main/images/1215/%E3%84%B7%E3%85%8D46.jpg,https://raw.githubusercontent.com/seysony91-ship-it/product-images/main/images/1215/%EB%A9%94%EC%9D%B8%20%EC%9D%B4%EB%AF%B8%EC%A7%80_03.jpg,https://raw.githubusercontent.com/seysony91-ship-it/product-images/main/images/1215/%EB%A9%94%EC%9D%B8%20%EC%9D%B4%EB%AF%B8%EC%A7%80_05.jpg,https://raw.githubusercontent.com/seysony91-ship-it/product-images/main/images/1215/%EB%A9%94%EC%9D%B8%20%EC%9D%B4%EB%AF%B8%EC%A7%80_06.jpg
1216,https://raw.githubusercontent.com/seysony91-ship-it/product-images/main/images/1216/%E3%84%B7%E3%85%8D47.png,https://raw.githubusercontent.com/seysony91-ship-it/product-images/main/images/1216/%EB%A9%94%EC%9D%B8%20%EC%9D%B4%EB%AF%B8%EC%A7%80_03.jpg,https://raw.githubusercontent.com/seysony91-ship-it/product-images/main/images/1216/%EB%A9%94%EC%9D%B8%20%EC%9D%B4%EB%AF%B8%EC%A7%80_04.jpg,https://raw.githubusercontent.com/seysony91-ship-it/product-images/main/images/1216/%EB%A9%94%EC%9D%B8%20%EC%9D%B4%EB%AF%B8%EC%A7%80_05.jpg
1217,https://raw.githubusercontent.com/seysony91-ship-it/product-images/main/images/1217/%E3%84%B7%E3%85%8D48.jpg,https://raw.githubusercontent.com/seysony91-ship-it/product-images/main/images/1217/%EB%A9%94%EC%9D%B8%20%EC%9D%B4%EB%AF%B8%EC%A7%80_01.jpg,https://raw.githubusercontent.com/seysony91-ship-it/product-images/main/images/1217/%EB%A9%94%EC%9D%B8%20%EC%9D%B4%EB%AF%B8%EC%A7%80_04.jpg,https://raw.githubusercontent.com/seysony91-ship-it/product-images/main/images/1217/%EB%A9%94%EC%9D%B8%20%EC%9D%B4%EB%AF%B8%EC%A7%80_05.jpg
1218,https://raw.githubusercontent.com/seysony91-ship-it/product-images/main/images/1218/%E3%84%B7%E3%85%8D49.jpg,https://raw.githubusercontent.com/seysony91-ship-it/product-images/main/images/1218/%EB%A9%94%EC%9D%B8%20%EC%9D%B4%EB%AF%B8%EC%A7%80_02.jpg,https://raw.githubusercontent.com/seysony91-ship-it/product-images/main/images/1218/%EB%A9%94%EC%9D%B8%20%EC%9D%B4%EB%AF%B8%EC%A7%80_04.jpg,https://raw.githubusercontent.com/seysony91-ship-it/product-images/main/images/1218/%EB%A9%94%EC%9D%B8%20%EC%9D%B4%EB%AF%B8%EC%A7%80_05.jpg
1219,https://raw.githubusercontent.com/seysony91-ship-it/product-images/main/images/1219/%E3%84%B7%E3%85%8D50.png,https://raw.githubusercontent.com/seysony91-ship-it/product-images/main/images/1219/%EB%A9%94%EC%9D%B8%20%EC%9D%B4%EB%AF%B8%EC%A7%80_02.jpg,https://raw.githubusercontent.com/seysony91-ship-it/product-images/main/images/1219/%EB%A9%94%EC%9D%B8%20%EC%9D%B4%EB%AF%B8%EC%A7%80_03.jpg,https://raw.githubusercontent.com/seysony91-ship-it/product-images/main/images/1219/%EB%A9%94%EC%9D%B8%20%EC%9D%B4%EB%AF%B8%EC%A7%80_04.jpg
1220,https://raw.githubusercontent.com/seysony91-ship-it/product-images/main/images/1220/%E3%84%B7%E3%85%8D51.png,https://raw.githubusercontent.com/seysony91-ship-it/product-images/main/images/1220/%EB%A9%94%EC%9D%B8%20%EC%9D%B4%EB%AF%B8%EC%A7%80_03.jpg,https://raw.githubusercontent.com/seysony91-ship-it/product-images/main/images/1220/%EB%A9%94%EC%9D%B8%20%EC%9D%B4%EB%AF%B8%EC%A7%80_04.jpg,https://raw.githubusercontent.com/seysony91-ship-it/product-images/main/images/1220/%EB%A9%94%EC%9D%B8%20%EC%9D%B4%EB%AF%B8%EC%A7%80_06.jpg
1221,https://raw.githubusercontent.com/seysony91-ship-it/product-images/main/images/1221/%E3%84%B7%E3%85%8D52.jpg,https://raw.githubusercontent.com/seysony91-ship-it/product-images/main/images/1221/%EB%A9%94%EC%9D%B8%20%EC%9D%B4%EB%AF%B8%EC%A7%80_04.jpg,https://raw.githubusercontent.com/seysony91-ship-it/product-images/main/images/1221/%EB%A9%94%EC%9D%B8%20%EC%9D%B4%EB%AF%B8%EC%A7%80_05.jpg,https://raw.githubusercontent.com/seysony91-ship-it/product-images/main/images/1221/%EB%A9%94%EC%9D%B8%20%EC%9D%B4%EB%AF%B8%EC%A7%80_06.jpg
1222,https://raw.githubusercontent.com/seysony91-ship-it/product-images/main/images/1222/%E3%84%B7%E3%85%8D53.png,https://raw.githubusercontent.com/seysony91-ship-it/product-images/main/images/1222/%EB%A9%94%EC%9D%B8%20%EC%9D%B4%EB%AF%B8%EC%A7%80_03.jpg,https://raw.githubusercontent.com/seysony91-ship-it/product-images/main/images/1222/%EC%83%81%EC%84%B8%EC%84%A4%EB%AA%85%20%EC%9D%B4%EB%AF%B8%EC%A7%80_03.jpg,https://raw.githubusercontent.com/seysony91-ship-it/product-images/main/images/1222/%EB%A9%94%EC%9D%B8%20%EC%9D%B4%EB%AF%B8%EC%A7%80_05.jpg
1223,https://raw.githubusercontent.com/seysony91-ship-it/product-images/main/images/1223/%E3%84%B7%E3%85%8D54.jpg,https://raw.githubusercontent.com/seysony91-ship-it/product-images/main/images/1223/%EB%A9%94%EC%9D%B8%20%EC%9D%B4%EB%AF%B8%EC%A7%80_01.jpg,https://raw.githubusercontent.com/seysony91-ship-it/product-images/main/images/1223/%EB%A9%94%EC%9D%B8%20%EC%9D%B4%EB%AF%B8%EC%A7%80_02.jpg,https://raw.githubusercontent.com/seysony91-ship-it/product-images/main/images/1223/%EB%A9%94%EC%9D%B8%20%EC%9D%B4%EB%AF%B8%EC%A7%80_03.jpg
1224,https://raw.githubusercontent.com/seysony91-ship-it/product-images/main/images/1224/%E3%84%B7%E3%85%8D55.png,https://raw.githubusercontent.com/seysony91-ship-it/product-images/main/images/1224/%EB%A9%94%EC%9D%B8%20%EC%9D%B4%EB%AF%B8%EC%A7%80_01.jpg,https://raw.githubusercontent.com/seysony91-ship-it/product-images/main/images/1224/%EB%A9%94%EC%9D%B8%20%EC%9D%B4%EB%AF%B8%EC%A7%80_04.jpg,https://raw.githubusercontent.com/seysony91-ship-it/product-images/main/images/1224/%EB%A9%94%EC%9D%B8%20%EC%9D%B4%EB%AF%B8%EC%A7%80_05.jpg
1225,https://raw.githubusercontent.com/seysony91-ship-it/product-images/main/images/1225/%E3%84%B7%E3%85%8D56.jpg,https://raw.githubusercontent.com/seysony91-ship-it/product-images/main/images/1225/%EB%A9%94%EC%9D%B8%20%EC%9D%B4%EB%AF%B8%EC%A7%80_02.jpg,https://raw.githubusercontent.com/seysony91-ship-it/product-images/main/images/1225/%EB%A9%94%EC%9D%B8%20%EC%9D%B4%EB%AF%B8%EC%A7%80_05.jpg,https://raw.githubusercontent.com/seysony91-ship-it/product-images/main/images/1225/%EB%A9%94%EC%9D%B8%20%EC%9D%B4%EB%AF%B8%EC%A7%80_13.png
1226,https://raw.githubusercontent.com/seysony91-ship-it/product-images/main/images/1226/%E3%84%B7%E3%85%8D57.png,https://raw.githubusercontent.com/seysony91-ship-it/product-images/main/images/1226/%EB%A9%94%EC%9D%B8%20%EC%9D%B4%EB%AF%B8%EC%A7%80_02.jpg,https://raw.githubusercontent.com/seysony91-ship-it/product-images/main/images/1226/%EB%A9%94%EC%9D%B8%20%EC%9D%B4%EB%AF%B8%EC%A7%80_03.jpg,https://raw.githubusercontent.com/seysony91-ship-it/product-images/main/images/1226/%EB%A9%94%EC%9D%B8%20%EC%9D%B4%EB%AF%B8%EC%A7%80_04.jpg
1227,https://raw.githubusercontent.com/seysony91-ship-it/product-images/main/images/1227/%E3%84%B7%E3%85%8D58.png,https://raw.githubusercontent.com/seysony91-ship-it/product-images/main/images/1227/%EB%A9%94%EC%9D%B8%20%EC%9D%B4%EB%AF%B8%EC%A7%80_01.jpg,https://raw.githubusercontent.com/seysony91-ship-it/product-images/main/images/1227/%EB%A9%94%EC%9D%B8%20%EC%9D%B4%EB%AF%B8%EC%A7%80_03.jpg,https://raw.githubusercontent.com/seysony91-ship-it/product-images/main/images/1227/%EB%A9%94%EC%9D%B8%20%EC%9D%B4%EB%AF%B8%EC%A7%80_04.jpg
1228,https://raw.githubusercontent.com/seysony91-ship-it/product-images/main/images/1228/%E3%84%B7%E3%85%8D59.jpeg,https://raw.githubusercontent.com/seysony91-ship-it/product-images/main/images/1228/%EB%A9%94%EC%9D%B8%20%EC%9D%B4%EB%AF%B8%EC%A7%80_02.jpg,https://raw.githubusercontent.com/seysony91-ship-it/product-images/main/images/1228/%EB%A9%94%EC%9D%B8%20%EC%9D%B4%EB%AF%B8%EC%A7%80_03.jpg,https://raw.githubusercontent.com/seysony91-ship-it/product-images/main/images/1228/%EB%A9%94%EC%9D%B8%20%EC%9D%B4%EB%AF%B8%EC%A7%80_05.jpg
1229,https://raw.githubusercontent.com/seysony91-ship-it/product-images/main/images/1229/%E3%84%B7%E3%85%8D60.jpeg,https://raw.githubusercontent.com/seysony91-ship-it/product-images/main/images/1229/%EB%A9%94%EC%9D%B8%20%EC%9D%B4%EB%AF%B8%EC%A7%80_02.jpg,https://raw.githubusercontent.com/seysony91-ship-it/product-images/main/images/1229/%EB%A9%94%EC%9D%B8%20%EC%9D%B4%EB%AF%B8%EC%A7%80_03.jpg,https://raw.githubusercontent.com/seysony91-ship-it/product-images/main/images/1229/%EB%A9%94%EC%9D%B8%20%EC%9D%B4%EB%AF%B8%EC%A7%80_05.jpg
1230,https://raw.githubusercontent.com/seysony91-ship-it/product-images/main/images/1230/%E3%84%B7%E3%85%8D61.jpg,https://raw.githubusercontent.com/seysony91-ship-it/product-images/main/images/1230/%EB%A9%94%EC%9D%B8%20%EC%9D%B4%EB%AF%B8%EC%A7%80_02.jpg,https://raw.githubusercontent.com/seysony91-ship-it/product-images/main/images/1230/%EB%A9%94%EC%9D%B8%20%EC%9D%B4%EB%AF%B8%EC%A7%80_03.jpg,https://raw.githubusercontent.com/seysony91-ship-it/product-images/main/images/1230/%EB%A9%94%EC%9D%B8%20%EC%9D%B4%EB%AF%B8%EC%A7%80_04.jpg
1231,https://raw.githubusercontent.com/seysony91-ship-it/product-images/main/images/1231/%E3%84%B7%E3%85%8D62.jpg,https://raw.githubusercontent.com/seysony91-ship-it/product-images/main/images/1231/%EB%A9%94%EC%9D%B8%20%EC%9D%B4%EB%AF%B8%EC%A7%80_02.jpeg,https://raw.githubusercontent.com/seysony91-ship-it/product-images/main/images/1231/%EB%A9%94%EC%9D%B8%20%EC%9D%B4%EB%AF%B8%EC%A7%80_04.jpeg,https://raw.githubusercontent.com/seysony91-ship-it/product-images/main/images/1231/%EB%A9%94%EC%9D%B8%20%EC%9D%B4%EB%AF%B8%EC%A7%80_05.jpeg
1232,https://raw.githubusercontent.com/seysony91-ship-it/product-images/main/images/1232/%E3%84%B7%E3%85%8D62.1.jpg,https://raw.githubusercontent.com/seysony91-ship-it/product-images/main/images/1232/%EB%A9%94%EC%9D%B8%20%EC%9D%B4%EB%AF%B8%EC%A7%80_01.jpg,https://raw.githubusercontent.com/seysony91-ship-it/product-images/main/images/1232/%EB%A9%94%EC%9D%B8%20%EC%9D%B4%EB%AF%B8%EC%A7%80_02.jpg,https://raw.githubusercontent.com/seysony91-ship-it/product-images/main/images/1232/%EB%A9%94%EC%9D%B8%20%EC%9D%B4%EB%AF%B8%EC%A7%80_03.jpg
1233,https://raw.githubusercontent.com/seysony91-ship-it/product-images/main/images/1233/%E3%84%B7%E3%85%8D63.jpg,https://raw.githubusercontent.com/seysony91-ship-it/product-images/main/images/1233/%EB%A9%94%EC%9D%B8%20%EC%9D%B4%EB%AF%B8%EC%A7%80_02.jpg,https://raw.githubusercontent.com/seysony91-ship-it/product-images/main/images/1233/%EB%A9%94%EC%9D%B8%20%EC%9D%B4%EB%AF%B8%EC%A7%80_03.jpg,https://raw.githubusercontent.com/seysony91-ship-it/product-images/main/images/1233/%EB%A9%94%EC%9D%B8%20%EC%9D%B4%EB%AF%B8%EC%A7%80_04.jpg
1234,https://raw.githubusercontent.com/seysony91-ship-it/product-images/main/images/1234/%E3%84%B7%E3%85%8D64-removebg-preview.png,https://raw.githubusercontent.com/seysony91-ship-it/product-images/main/images/1234/%EB%A9%94%EC%9D%B8%20%EC%9D%B4%EB%AF%B8%EC%A7%80_01.jpg,https://raw.githubusercontent.com/seysony91-ship-it/product-images/main/images/1234/%EB%A9%94%EC%9D%B8%20%EC%9D%B4%EB%AF%B8%EC%A7%80_02.jpg,https://raw.githubusercontent.com/seysony91-ship-it/product-images/main/images/1234/%EB%A9%94%EC%9D%B8%20%EC%9D%B4%EB%AF%B8%EC%A7%80_03.jpg
1235,https://raw.githubusercontent.com/seysony91-ship-it/product-images/main/images/1235/%E3%84%B7%E3%85%8D65-removebg-preview.png,https://raw.githubusercontent.com/seysony91-ship-it/product-images/main/images/1235/%EB%A9%94%EC%9D%B8%20%EC%9D%B4%EB%AF%B8%EC%A7%80_01.jpg,https://raw.githubusercontent.com/seysony91-ship-it/product-images/main/images/1235/%EB%A9%94%EC%9D%B8%20%EC%9D%B4%EB%AF%B8%EC%A7%80_03.jpg,https://raw.githubusercontent.com/seysony91-ship-it/product-images/main/images/1235/%EB%A9%94%EC%9D%B8%20%EC%9D%B4%EB%AF%B8%EC%A7%80_05.jpg
1236,https://raw.githubusercontent.com/seysony91-ship-it/product-images/main/images/1236/%E3%84%B7%E3%85%8D66.jpeg,https://raw.githubusercontent.com/seysony91-ship-it/product-images/main/images/1236/%EB%A9%94%EC%9D%B8%20%EC%9D%B4%EB%AF%B8%EC%A7%80_03.jpg,https://raw.githubusercontent.com/seysony91-ship-it/product-images/main/images/1236/%EB%A9%94%EC%9D%B8%20%EC%9D%B4%EB%AF%B8%EC%A7%80_05.jpg,https://raw.githubusercontent.com/seysony91-ship-it/product-images/main/images/1236/%EB%A9%94%EC%9D%B8%20%EC%9D%B4%EB%AF%B8%EC%A7%80_06.jpg
1237,https://raw.githubusercontent.com/seysony91-ship-it/product-images/main/images/1237/%E3%84%B7%E3%85%8D67.jpg,https://raw.githubusercontent.com/seysony91-ship-it/product-images/main/images/1237/%EB%A9%94%EC%9D%B8%20%EC%9D%B4%EB%AF%B8%EC%A7%80_01.jpg,https://raw.githubusercontent.com/seysony91-ship-it/product-images/main/images/1237/%EB%A9%94%EC%9D%B8%20%EC%9D%B4%EB%AF%B8%EC%A7%80_03.jpg,https://raw.githubusercontent.com/seysony91-ship-it/product-images/main/images/1237/%EB%A9%94%EC%9D%B8%20%EC%9D%B4%EB%AF%B8%EC%A7%80_04.jpg
1238,https://raw.githubusercontent.com/seysony91-ship-it/product-images/main/images/1238/%E3%84%B7%E3%85%8D68.jpg,https://raw.githubusercontent.com/seysony91-ship-it/product-images/main/images/1238/%EC%83%81%EC%84%B8%EC%84%A4%EB%AA%85%20%EC%9D%B4%EB%AF%B8%EC%A7%80_02.jpg,https://raw.githubusercontent.com/seysony91-ship-it/product-images/main/images/1238/%EC%83%81%EC%84%B8%EC%84%A4%EB%AA%85%20%EC%9D%B4%EB%AF%B8%EC%A7%80_03.jpg,https://raw.githubusercontent.com/seysony91-ship-it/product-images/main/images/1238/%EC%83%81%EC%84%B8%EC%84%A4%EB%AA%85%20%EC%9D%B4%EB%AF%B8%EC%A7%80_05.jpg
1239,https://raw.githubusercontent.com/seysony91-ship-it/product-images/main/images/1239/%E3%84%B7%E3%85%8D69.jpg,https://raw.githubusercontent.com/seysony91-ship-it/product-images/main/images/1239/%EB%A9%94%EC%9D%B8%20%EC%9D%B4%EB%AF%B8%EC%A7%80_01.jpg,https://raw.githubusercontent.com/seysony91-ship-it/product-images/main/images/1239/%EB%A9%94%EC%9D%B8%20%EC%9D%B4%EB%AF%B8%EC%A7%80_03.jpg,https://raw.githubusercontent.com/seysony91-ship-it/product-images/main/images/1239/%EB%A9%94%EC%9D%B8%20%EC%9D%B4%EB%AF%B8%EC%A7%80_06.jpg
1240,https://raw.githubusercontent.com/seysony91-ship-it/product-images/main/images/1240/%E3%84%B7%E3%85%8D70.jpg,https://raw.githubusercontent.com/seysony91-ship-it/product-images/main/images/1240/%EB%A9%94%EC%9D%B8%20%EC%9D%B4%EB%AF%B8%EC%A7%80_08%202%EB%B3%B8.jpg,https://raw.githubusercontent.com/seysony91-ship-it/product-images/main/images/1240/%EB%A9%94%EC%9D%B8%20%EC%9D%B4%EB%AF%B8%EC%A7%80_08%20%EB%B3%B5%EC%82%AC%EB%B3%B8.jpg,https://raw.githubusercontent.com/seysony91-ship-it/product-images/main/images/1240/%EB%A9%94%EC%9D%B8%20%EC%9D%B4%EB%AF%B8%EC%A7%80_08.jpg
1241,https://raw.githubusercontent.com/seysony91-ship-it/product-images/main/images/1241/%E3%84%B7%E3%85%8D71.jpg,https://raw.githubusercontent.com/seysony91-ship-it/product-images/main/images/1241/%EB%A9%94%EC%9D%B8%20%EC%9D%B4%EB%AF%B8%EC%A7%80_02.jpg,https://raw.githubusercontent.com/seysony91-ship-it/product-images/main/images/1241/%EB%A9%94%EC%9D%B8%20%EC%9D%B4%EB%AF%B8%EC%A7%80_03.jpg,https://raw.githubusercontent.com/seysony91-ship-it/product-images/main/images/1241/%EB%A9%94%EC%9D%B8%20%EC%9D%B4%EB%AF%B8%EC%A7%80_04.jpg
1242,https://raw.githubusercontent.com/seysony91-ship-it/product-images/main/images/1242/%E3%84%B7%E3%85%8D72.jpg,https://raw.githubusercontent.com/seysony91-ship-it/product-images/main/images/1242/%EB%A9%94%EC%9D%B8%20%EC%9D%B4%EB%AF%B8%EC%A7%80_02.jpg,https://raw.githubusercontent.com/seysony91-ship-it/product-images/main/images/1242/%EB%A9%94%EC%9D%B8%20%EC%9D%B4%EB%AF%B8%EC%A7%80_03.jpg,https://raw.githubusercontent.com/seysony91-ship-it/product-images/main/images/1242/%EB%A9%94%EC%9D%B8%20%EC%9D%B4%EB%AF%B8%EC%A7%80_04.jpg
1243,https://raw.githubusercontent.com/seysony91-ship-it/product-images/main/images/1243/%E3%84%B7%E3%85%8D73-removebg-preview.png,https://raw.githubusercontent.com/seysony91-ship-it/product-images/main/images/1243/%EB%A9%94%EC%9D%B8%20%EC%9D%B4%EB%AF%B8%EC%A7%80_01.jpg,https://raw.githubusercontent.com/seysony91-ship-it/product-images/main/images/1243/%EB%A9%94%EC%9D%B8%20%EC%9D%B4%EB%AF%B8%EC%A7%80_02.jpg,https://raw.githubusercontent.com/seysony91-ship-it/product-images/main/images/1243/%EB%A9%94%EC%9D%B8%20%EC%9D%B4%EB%AF%B8%EC%A7%80_03.jpg
1244,https://raw.githubusercontent.com/seysony91-ship-it/product-images/main/images/1244/%E3%84%B7%E3%85%8D74.jpg,https://raw.githubusercontent.com/seysony91-ship-it/product-images/main/images/1244/%EB%A9%94%EC%9D%B8%20%EC%9D%B4%EB%AF%B8%EC%A7%80_02.jpg,https://raw.githubusercontent.com/seysony91-ship-it/product-images/main/images/1244/%EB%A9%94%EC%9D%B8%20%EC%9D%B4%EB%AF%B8%EC%A7%80_03.jpg,https://raw.githubusercontent.com/seysony91-ship-it/product-images/main/images/1244/%EB%A9%94%EC%9D%B8%20%EC%9D%B4%EB%AF%B8%EC%A7%80_04.jpg
1245,https://raw.githubusercontent.com/seysony91-ship-it/product-images/main/images/1245/%E3%84%B7%E3%85%8D75.jpg,https://raw.githubusercontent.com/seysony91-ship-it/product-images/main/images/1245/%EB%A9%94%EC%9D%B8%20%EC%9D%B4%EB%AF%B8%EC%A7%80_03.jpg,https://raw.githubusercontent.com/seysony91-ship-it/product-images/main/images/1245/%EB%A9%94%EC%9D%B8%20%EC%9D%B4%EB%AF%B8%EC%A7%80_04.jpg,https://raw.githubusercontent.com/seysony91-ship-it/product-images/main/images/1245/%EB%A9%94%EC%9D%B8%20%EC%9D%B4%EB%AF%B8%EC%A7%80_05.jpg
1246,https://raw.githubusercontent.com/seysony91-ship-it/product-images/main/images/1246/%E3%84%B7%E3%85%8D76.jpg,https://raw.githubusercontent.com/seysony91-ship-it/product-images/main/images/1246/%EB%A9%94%EC%9D%B8%20%EC%9D%B4%EB%AF%B8%EC%A7%80_01.jpg,https://raw.githubusercontent.com/seysony91-ship-it/product-images/main/images/1246/%EB%A9%94%EC%9D%B8%20%EC%9D%B4%EB%AF%B8%EC%A7%80_07.jpg,https://raw.githubusercontent.com/seysony91-ship-it/product-images/main/images/1246/%EB%A9%94%EC%9D%B8%20%EC%9D%B4%EB%AF%B8%EC%A7%80_08.jpg
1247,https://raw.githubusercontent.com/seysony91-ship-it/product-images/main/images/1247/%E3%84%B7%E3%85%8D77.jpg,https://raw.githubusercontent.com/seysony91-ship-it/product-images/main/images/1247/%EB%A9%94%EC%9D%B8%20%EC%9D%B4%EB%AF%B8%EC%A7%80_04%20%281%29.jpg,https://raw.githubusercontent.com/seysony91-ship-it/product-images/main/images/1247/%EB%A9%94%EC%9D%B8%20%EC%9D%B4%EB%AF%B8%EC%A7%80_05%20%281%29.jpg,https://raw.githubusercontent.com/seysony91-ship-it/product-images/main/images/1247/%EB%A9%94%EC%9D%B8%20%EC%9D%B4%EB%AF%B8%EC%A7%80_06%20%281%29.jpg
1248,https://raw.githubusercontent.com/seysony91-ship-it/product-images/main/images/1248/%E3%84%B7%E3%85%8D78.jpg,https://raw.githubusercontent.com/seysony91-ship-it/product-images/main/images/1248/%EB%A9%94%EC%9D%B8%20%EC%9D%B4%EB%AF%B8%EC%A7%80_01.jpg,https://raw.githubusercontent.com/seysony91-ship-it/product-images/main/images/1248/%EB%A9%94%EC%9D%B8%20%EC%9D%B4%EB%AF%B8%EC%A7%80_02.jpg,https://raw.githubusercontent.com/seysony91-ship-it/product-images/main/images/1248/%EB%A9%94%EC%9D%B8%20%EC%9D%B4%EB%AF%B8%EC%A7%80_03.jpg
1249,https://raw.githubusercontent.com/seysony91-ship-it/product-images/main/images/1249/%E3%84%B7%E3%85%8D79.jpg,https://raw.githubusercontent.com/seysony91-ship-it/product-images/main/images/1249/%EB%A9%94%EC%9D%B8%20%EC%9D%B4%EB%AF%B8%EC%A7%80_03.jpg,https://raw.githubusercontent.com/seysony91-ship-it/product-images/main/images/1249/%EB%A9%94%EC%9D%B8%20%EC%9D%B4%EB%AF%B8%EC%A7%80_04.jpg,https://raw.githubusercontent.com/seysony91-ship-it/product-images/main/images/1249/%EB%A9%94%EC%9D%B8%20%EC%9D%B4%EB%AF%B8%EC%A7%80_05.jpg
1250,https://raw.githubusercontent.com/seysony91-ship-it/product-images/main/images/1250/%E3%84%B7%E3%85%8D80.jpg,https://raw.githubusercontent.com/seysony91-ship-it/product-images/main/images/1250/%EB%A9%94%EC%9D%B8%20%EC%9D%B4%EB%AF%B8%EC%A7%80_01.jpg,https://raw.githubusercontent.com/seysony91-ship-it/product-images/main/images/1250/%EB%A9%94%EC%9D%B8%20%EC%9D%B4%EB%AF%B8%EC%A7%80_02.jpg,https://raw.githubusercontent.com/seysony91-ship-it/product-images/main/images/1250/%EB%A9%94%EC%9D%B8%20%EC%9D%B4%EB%AF%B8%EC%A7%80_03.jpg
1251,https://raw.githubusercontent.com/seysony91-ship-it/product-images/main/images/1251/%E3%84%B7%E3%85%8D81.jpg,https://raw.githubusercontent.com/seysony91-ship-it/product-images/main/images/1251/%EB%A9%94%EC%9D%B8%20%EC%9D%B4%EB%AF%B8%EC%A7%80_03.jpg,https://raw.githubusercontent.com/seysony91-ship-it/product-images/main/images/1251/%EB%A9%94%EC%9D%B8%20%EC%9D%B4%EB%AF%B8%EC%A7%80_04.jpg,https://raw.githubusercontent.com/seysony91-ship-it/product-images/main/images/1251/%EB%A9%94%EC%9D%B8%20%EC%9D%B4%EB%AF%B8%EC%A7%80_05.jpg
1252,https://raw.githubusercontent.com/seysony91-ship-it/product-images/main/images/1252/%E3%84%B7%E3%85%8D82.jpg,https://raw.githubusercontent.com/seysony91-ship-it/product-images/main/images/1252/%EB%A9%94%EC%9D%B8%20%EC%9D%B4%EB%AF%B8%EC%A7%80_03.jpg,https://raw.githubusercontent.com/seysony91-ship-it/product-images/main/images/1252/%EB%A9%94%EC%9D%B8%20%EC%9D%B4%EB%AF%B8%EC%A7%80_05.jpg,https://raw.githubusercontent.com/seysony91-ship-it/product-images/main/images/1252/%EB%A9%94%EC%9D%B8%20%EC%9D%B4%EB%AF%B8%EC%A7%80_06.jpg
1253,https://raw.githubusercontent.com/seysony91-ship-it/product-images/main/images/1253/%E3%84%B7%E3%85%8D83.jpg,https://raw.githubusercontent.com/seysony91-ship-it/product-images/main/images/1253/%EB%A9%94%EC%9D%B8%20%EC%9D%B4%EB%AF%B8%EC%A7%80_04.jpg,https://raw.githubusercontent.com/seysony91-ship-it/product-images/main/images/1253/%EB%A9%94%EC%9D%B8%20%EC%9D%B4%EB%AF%B8%EC%A7%80_05.jpg,https://raw.githubusercontent.com/seysony91-ship-it/product-images/main/images/1253/%EB%A9%94%EC%9D%B8%20%EC%9D%B4%EB%AF%B8%EC%A7%80_06.jpg
1254,https://raw.githubusercontent.com/seysony91-ship-it/product-images/main/images/1254/%E3%84%B7%E3%85%8D84.jpg,https://raw.githubusercontent.com/seysony91-ship-it/product-images/main/images/1254/%EC%83%81%EC%84%B8%EC%84%A4%EB%AA%85%20%EC%9D%B4%EB%AF%B8%EC%A7%80_02.jpg,https://raw.githubusercontent.com/seysony91-ship-it/product-images/main/images/1254/%EC%83%81%EC%84%B8%EC%84%A4%EB%AA%85%20%EC%9D%B4%EB%AF%B8%EC%A7%80_03.jpg,https://raw.githubusercontent.com/seysony91-ship-it/product-images/main/images/1254/%EC%83%81%EC%84%B8%EC%84%A4%EB%AA%85%20%EC%9D%B4%EB%AF%B8%EC%A7%80_05.jpg
1255,https://raw.githubusercontent.com/seysony91-ship-it/product-images/main/images/1255/%E3%84%B7%E3%85%8D85.jpg,https://raw.githubusercontent.com/seysony91-ship-it/product-images/main/images/1255/%EB%A9%94%EC%9D%B8%20%EC%9D%B4%EB%AF%B8%EC%A7%80_03.jpg,https://raw.githubusercontent.com/seysony91-ship-it/product-images/main/images/1255/%EB%A9%94%EC%9D%B8%20%EC%9D%B4%EB%AF%B8%EC%A7%80_04.jpg,https://raw.githubusercontent.com/seysony91-ship-it/product-images/main/images/1255/%EB%A9%94%EC%9D%B8%20%EC%9D%B4%EB%AF%B8%EC%A7%80_05.jpg
1256,https://raw.githubusercontent.com/seysony91-ship-it/product-images/main/images/1256/%E3%84%B7%E3%85%8D86.jpg,https://raw.githubusercontent.com/seysony91-ship-it/product-images/main/images/1256/%EB%A9%94%EC%9D%B8%20%EC%9D%B4%EB%AF%B8%EC%A7%80_01.jpg,https://raw.githubusercontent.com/seysony91-ship-it/product-images/main/images/1256/%EB%A9%94%EC%9D%B8%20%EC%9D%B4%EB%AF%B8%EC%A7%80_02.jpg,https://raw.githubusercontent.com/seysony91-ship-it/product-images/main/images/1256/%EB%A9%94%EC%9D%B8%20%EC%9D%B4%EB%AF%B8%EC%A7%80_06.jpg
1257,https://raw.githubusercontent.com/seysony91-ship-it/product-images/main/images/1257/%E3%84%B7%E3%85%8D87.jpg,https://raw.githubusercontent.com/seysony91-ship-it/product-images/main/images/1257/%EB%A9%94%EC%9D%B8%20%EC%9D%B4%EB%AF%B8%EC%A7%80_01.jpg,https://raw.githubusercontent.com/seysony91-ship-it/product-images/main/images/1257/%EB%A9%94%EC%9D%B8%20%EC%9D%B4%EB%AF%B8%EC%A7%80_04.jpg,https://raw.githubusercontent.com/seysony91-ship-it/product-images/main/images/1257/%EB%A9%94%EC%9D%B8%20%EC%9D%B4%EB%AF%B8%EC%A7%80_05.jpg
1258,https://raw.githubusercontent.com/seysony91-ship-it/product-images/main/images/1258/%E3%84%B7%E3%85%8D88.jpg,https://raw.githubusercontent.com/seysony91-ship-it/product-images/main/images/1258/%EB%A9%94%EC%9D%B8%20%EC%9D%B4%EB%AF%B8%EC%A7%80_03.jpg,https://raw.githubusercontent.com/seysony91-ship-it/product-images/main/images/1258/%EB%A9%94%EC%9D%B8%20%EC%9D%B4%EB%AF%B8%EC%A7%80_04.jpg,https://raw.githubusercontent.com/seysony91-ship-it/product-images/main/images/1258/%EB%A9%94%EC%9D%B8%20%EC%9D%B4%EB%AF%B8%EC%A7%80_05.jpg
1259,https://raw.githubusercontent.com/seysony91-ship-it/product-images/main/images/1259/%E3%84%B7%E3%85%8D89.jpg,https://raw.githubusercontent.com/seysony91-ship-it/product-images/main/images/1259/%EB%A9%94%EC%9D%B8%20%EC%9D%B4%EB%AF%B8%EC%A7%80_03.jpg,https://raw.githubusercontent.com/seysony91-ship-it/product-images/main/images/1259/%EB%A9%94%EC%9D%B8%20%EC%9D%B4%EB%AF%B8%EC%A7%80_04.jpg,https://raw.githubusercontent.com/seysony91-ship-it/product-images/main/images/1259/%EB%A9%94%EC%9D%B8%20%EC%9D%B4%EB%AF%B8%EC%A7%80_05.jpg
1260,https://raw.githubusercontent.com/seysony91-ship-it/product-images/main/images/1260/%E3%84%B7%E3%85%8D90.jpg,https://raw.githubusercontent.com/seysony91-ship-it/product-images/main/images/1260/%EC%84%A4%EB%AA%85%20%EC%9D%B4%EB%AF%B8%EC%A7%80_03.jpg,https://raw.githubusercontent.com/seysony91-ship-it/product-images/main/images/1260/%EC%84%A4%EB%AA%85%20%EC%9D%B4%EB%AF%B8%EC%A7%80_05.jpg,https://raw.githubusercontent.com/seysony91-ship-it/product-images/main/images/1260/%EC%84%A4%EB%AA%85%20%EC%9D%B4%EB%AF%B8%EC%A7%80_06.jpg
1261,https://raw.githubusercontent.com/seysony91-ship-it/product-images/main/images/1261/%E3%84%B7%E3%85%8D91.jpg,https://raw.githubusercontent.com/seysony91-ship-it/product-images/main/images/1261/%EB%A9%94%EC%9D%B8%20%EC%9D%B4%EB%AF%B8%EC%A7%80_01.jpg,https://raw.githubusercontent.com/seysony91-ship-it/product-images/main/images/1261/%EB%A9%94%EC%9D%B8%20%EC%9D%B4%EB%AF%B8%EC%A7%80_02.jpg,https://raw.githubusercontent.com/seysony91-ship-it/product-images/main/images/1261/%EB%A9%94%EC%9D%B8%20%EC%9D%B4%EB%AF%B8%EC%A7%80_05.jpg
1262,https://raw.githubusercontent.com/seysony91-ship-it/product-images/main/images/1262/%E3%84%B7%E3%85%8D92.jpg,https://raw.githubusercontent.com/seysony91-ship-it/product-images/main/images/1262/%EB%A9%94%EC%9D%B8%20%EC%9D%B4%EB%AF%B8%EC%A7%80_03.jpg,https://raw.githubusercontent.com/seysony91-ship-it/product-images/main/images/1262/%EB%A9%94%EC%9D%B8%20%EC%9D%B4%EB%AF%B8%EC%A7%80_04.jpg,https://raw.githubusercontent.com/seysony91-ship-it/product-images/main/images/1262/%EB%A9%94%EC%9D%B8%20%EC%9D%B4%EB%AF%B8%EC%A7%80_05.jpg
1263,https://raw.githubusercontent.com/seysony91-ship-it/product-images/main/images/1263/%E3%84%B7%E3%85%8D93.jpg,https://raw.githubusercontent.com/seysony91-ship-it/product-images/main/images/1263/%EB%A9%94%EC%9D%B8%20%EC%9D%B4%EB%AF%B8%EC%A7%80_05%20%EB%B3%B5%EC%82%AC%EB%B3%B8.jpg,https://raw.githubusercontent.com/seysony91-ship-it/product-images/main/images/1263/%EB%A9%94%EC%9D%B8%20%EC%9D%B4%EB%AF%B8%EC%A7%80_06.jpg,https://raw.githubusercontent.com/seysony91-ship-it/product-images/main/images/1263/%EB%A9%94%EC%9D%B8%20%EC%9D%B4%EB%AF%B8%EC%A7%80_07.jpg
1264,https://raw.githubusercontent.com/seysony91-ship-it/product-images/main/images/1264/%E3%84%B7%E3%85%8D94.jpg,https://raw.githubusercontent.com/seysony91-ship-it/product-images/main/images/1264/%EB%A9%94%EC%9D%B8%20%EC%9D%B4%EB%AF%B8%EC%A7%80_03.jpg,https://raw.githubusercontent.com/seysony91-ship-it/product-images/main/images/1264/%EB%A9%94%EC%9D%B8%20%EC%9D%B4%EB%AF%B8%EC%A7%80_04.jpg,https://raw.githubusercontent.com/seysony91-ship-it/product-images/main/images/1264/%EB%A9%94%EC%9D%B8%20%EC%9D%B4%EB%AF%B8%EC%A7%80_07.jpg
1265,https://raw.githubusercontent.com/seysony91-ship-it/product-images/main/images/1265/%E3%84%B7%E3%85%8D95%20%EB%B3%B5%EC%82%AC%EB%B3%B8.jpg,https://raw.githubusercontent.com/seysony91-ship-it/product-images/main/images/1265/%EB%A9%94%EC%9D%B8%20%EC%9D%B4%EB%AF%B8%EC%A7%80_03%20%EB%B3%B5%EC%82%AC%EB%B3%B8.jpg,https://raw.githubusercontent.com/seysony91-ship-it/product-images/main/images/1265/%EB%A9%94%EC%9D%B8%20%EC%9D%B4%EB%AF%B8%EC%A7%80_04%20%EB%B3%B5%EC%82%AC%EB%B3%B8.jpg,https://raw.githubusercontent.com/seysony91-ship-it/product-images/main/images/1265/%EB%A9%94%EC%9D%B8%20%EC%9D%B4%EB%AF%B8%EC%A7%80_06.jpg
1266,https://raw.githubusercontent.com/seysony91-ship-it/product-images/main/images/1266/%E3%84%B7%E3%85%8D96-removebg-preview.png,https://raw.githubusercontent.com/seysony91-ship-it/product-images/main/images/1266/%EB%A9%94%EC%9D%B8%20%EC%9D%B4%EB%AF%B8%EC%A7%80_03.jpg,https://raw.githubusercontent.com/seysony91-ship-it/product-images/main/images/1266/%EB%A9%94%EC%9D%B8%20%EC%9D%B4%EB%AF%B8%EC%A7%80_04.jpg,https://raw.githubusercontent.com/seysony91-ship-it/product-images/main/images/1266/%EB%A9%94%EC%9D%B8%20%EC%9D%B4%EB%AF%B8%EC%A7%80_05.jpg
1267,https://raw.githubusercontent.com/seysony91-ship-it/product-images/main/images/1267/%E3%84%B7%E3%85%8D97.jpg,https://raw.githubusercontent.com/seysony91-ship-it/product-images/main/images/1267/%EB%A9%94%EC%9D%B8%20%EC%9D%B4%EB%AF%B8%EC%A7%80_01.jpg,https://raw.githubusercontent.com/seysony91-ship-it/product-images/main/images/1267/%EB%A9%94%EC%9D%B8%20%EC%9D%B4%EB%AF%B8%EC%A7%80_03.jpg,https://raw.githubusercontent.com/seysony91-ship-it/product-images/main/images/1267/%EB%A9%94%EC%9D%B8%20%EC%9D%B4%EB%AF%B8%EC%A7%80_04.jpg
1268,https://raw.githubusercontent.com/seysony91-ship-it/product-images/main/images/1268/%E3%84%B7%E3%85%8D98.png,https://raw.githubusercontent.com/seysony91-ship-it/product-images/main/images/1268/%EB%A9%94%EC%9D%B8%20%EC%9D%B4%EB%AF%B8%EC%A7%80_04.jpg,https://raw.githubusercontent.com/seysony91-ship-it/product-images/main/images/1268/%EB%A9%94%EC%9D%B8%20%EC%9D%B4%EB%AF%B8%EC%A7%80_05.jpg,https://raw.githubusercontent.com/seysony91-ship-it/product-images/main/images/1268/%EB%A9%94%EC%9D%B8%20%EC%9D%B4%EB%AF%B8%EC%A7%80_06.jpg
1269,https://raw.githubusercontent.com/seysony91-ship-it/product-images/main/images/1269/%E3%84%B7%E3%85%8D99.jpg,https://raw.githubusercontent.com/seysony91-ship-it/product-images/main/images/1269/%EB%A9%94%EC%9D%B8%20%EC%9D%B4%EB%AF%B8%EC%A7%80_01.jpg,https://raw.githubusercontent.com/seysony91-ship-it/product-images/main/images/1269/%EB%A9%94%EC%9D%B8%20%EC%9D%B4%EB%AF%B8%EC%A7%80_04.jpg,https://raw.githubusercontent.com/seysony91-ship-it/product-images/main/images/1269/%EB%A9%94%EC%9D%B8%20%EC%9D%B4%EB%AF%B8%EC%A7%80_07.jpg
1270,https://raw.githubusercontent.com/seysony91-ship-it/product-images/main/images/1270/%E3%84%B7%E3%85%8D00.jpg,https://raw.githubusercontent.com/seysony91-ship-it/product-images/main/images/1270/%EB%A9%94%EC%9D%B8%20%EC%9D%B4%EB%AF%B8%EC%A7%80_03.jpg,https://raw.githubusercontent.com/seysony91-ship-it/product-images/main/images/1270/%EB%A9%94%EC%9D%B8%20%EC%9D%B4%EB%AF%B8%EC%A7%80_04.jpg,https://raw.githubusercontent.com/seysony91-ship-it/product-images/main/images/1270/%EB%A9%94%EC%9D%B8%20%EC%9D%B4%EB%AF%B8%EC%A7%80_05.jpg
1271,https://raw.githubusercontent.com/seysony91-ship-it/product-images/main/images/1271/%E3%84%B7%E3%85%8D01-removebg-preview.png,https://raw.githubusercontent.com/seysony91-ship-it/product-images/main/images/1271/%EB%A9%94%EC%9D%B8%20%EC%9D%B4%EB%AF%B8%EC%A7%80_02.jpg,https://raw.githubusercontent.com/seysony91-ship-it/product-images/main/images/1271/%EB%A9%94%EC%9D%B8%20%EC%9D%B4%EB%AF%B8%EC%A7%80_03.jpg,https://raw.githubusercontent.com/seysony91-ship-it/product-images/main/images/1271/%EB%A9%94%EC%9D%B8%20%EC%9D%B4%EB%AF%B8%EC%A7%80_04.jpg
1272,https://raw.githubusercontent.com/seysony91-ship-it/product-images/main/images/1272/%E3%84%B7%E3%85%8D02-removebg-preview.png,https://raw.githubusercontent.com/seysony91-ship-it/product-images/main/images/1272/%EB%A9%94%EC%9D%B8%20%EC%9D%B4%EB%AF%B8%EC%A7%80_02.jpg,https://raw.githubusercontent.com/seysony91-ship-it/product-images/main/images/1272/%EB%A9%94%EC%9D%B8%20%EC%9D%B4%EB%AF%B8%EC%A7%80_03.jpg,https://raw.githubusercontent.com/seysony91-ship-it/product-images/main/images/1272/%EB%A9%94%EC%9D%B8%20%EC%9D%B4%EB%AF%B8%EC%A7%80_04.jpg
